{
    "oscillator": "LCCRT10",
    "components": {
        "resistor": 1,
        "inductor": 1,
        "capacitor": 2,
        "npn": 1
    },
    "vcc": {
        "resistor": 0,
        "inductor": 1,
        "capacitor": 1,
        "collector": 1,
        "base": 0,
        "emitter": 0
    },
    "gnd": {
        "resistor": 1,
        "inductor": 0,
        "capacitor": 0,
        "collector": 0,
        "base": 0,
        "emitter": 0
    },
    "stable_time": "1m",
    "stable_index": 1007,
    "currents": {
        "battery": {
            "min": -0.00033124571290166216,
            "max": -0.0002645725448897629,
            "avg": 0.00029646955129620026,
            "rms": 0.0002973525197288226,
            "amplitude": 0.00003333658400594963
        },
        "coil": {
            "min": -0.003160593585889838,
            "max": 0.003276899870361264,
            "avg": 0.00007900913996220334,
            "rms": 0.0022767939747865987,
            "amplitude": 0.003218746728125551
        }
    },
    "gain_rms": 7.656884753702348,
    "gain_amplitude_avg": 10.856921778485535,
    "voltages": {
        "base": {
            "min": 2.6650069101977656,
            "max": 3.9582619480833965,
            "avg": 3.2993355060503045,
            "rms": 3.3299691363610298,
            "amplitude": 0.6466275189428154
        },
        "emitter": {
            "min": 2.645725504888147,
            "max": 3.3124571519261217,
            "avg": 2.964695580600648,
            "rms": 2.973525265327486,
            "amplitude": 0.33336582351898736
        }
    },
    "frequency": 32889.12283331498
}