{
    "oscillator": "OTHER2",
    "components": {
        "resistor": 2,
        "inductor": 1,
        "capacitor": 2,
        "npn": 1
    },
    "vcc": {
        "resistor": 1,
        "inductor": 0,
        "capacitor": 0,
        "collector": 1,
        "base": 0,
        "emitter": 0
    },
    "gnd": {
        "resistor": 1,
        "inductor": 0,
        "capacitor": 1,
        "collector": 0,
        "base": 0,
        "emitter": 0
    },
    "stable_time": "4m",
    "stable_index": 4007,
    "currents": {
        "battery": {
            "min": -0.032744654708214416,
            "max": -0.010826917887517773,
            "avg": 0.02256306833631449,
            "rms": 0.02380371122514133,
            "amplitude": 0.010958868410348321
        },
        "coil": {
            "min": 0.00008533737913362619,
            "max": 0.0004300288545160346,
            "avg": 0.0002563934454827371,
            "rms": 0.00028395323842978604,
            "amplitude": 0.0001723457376912042
        }
    },
    "gain_rms": 0.011928948210809935,
    "gain_amplitude_avg": 0.007638399845371191,
    "voltages": {
        "base": {
            "min": 2.353886267990641,
            "max": 3.6552709238609826,
            "avg": 3.0195698849110713,
            "rms": 3.0550014759303217,
            "amplitude": 0.6506923279351708
        },
        "emitter": {
            "min": 1.6100914796164985,
            "max": 2.872635407735121,
            "avg": 2.2564350216693643,
            "rms": 2.3007756774534043,
            "amplitude": 0.6312719640593113
        },
        "a": {
            "min": 2.38279638468434,
            "max": 3.6248421199347356,
            "avg": 3.021220518990962,
            "rms": 3.053227521049866,
            "amplitude": 0.6210228676251979
        }
    },
    "frequency": 42886.78140267007
}