{
    "oscillator": "14",
    "components": {
        "resistor": 2,
        "inductor": 1,
        "capacitor": 2,
        "npn": 1
    },
    "vcc": {
        "resistor": 1,
        "inductor": 0,
        "capacitor": 0,
        "collector": 0,
        "base": 0,
        "emitter": 0
    },
    "gnd": {
        "resistor": 0,
        "inductor": 0,
        "capacitor": 1,
        "collector": 0,
        "base": 0,
        "emitter": 1
    },
    "stable_time": "1m",
    "stable_index": 1007,
    "currents": {
        "battery": {
            "min": -0.002866454006436925,
            "max": -0.0023624600109433125,
            "avg": 0.0026178001415824506,
            "rms": 0.002623642150344466,
            "amplitude": 0.00025199699774680617
        },
        "coil": {
            "min": -0.0028889248956542346,
            "max": 0.006600189538076286,
            "avg": 0.002124554596990059,
            "rms": 0.0039559218534098665,
            "amplitude": 0.00474455721686526
        }
    },
    "gain_rms": 1.5077977966204277,
    "gain_amplitude_avg": 1.8124214837872201,
    "voltages": {
        "base": {
            "min": 0.46978325454169406,
            "max": 0.6959912525182177,
            "avg": 0.630200904418486,
            "rms": 0.6345942945528976,
            "amplitude": 0.11310399898826182
        },
        "collector": {
            "min": -0.06409851868104474,
            "max": 1.7069836787105481,
            "avg": 0.6655805295315119,
            "rms": 0.9127737952135134,
            "amplitude": 0.8855410986957964
        },
        "a": {
            "min": 0.4306795395560935,
            "max": 0.9351775290454062,
            "avg": 0.6795820582754926,
            "rms": 0.7017931300953865,
            "amplitude": 0.25224899474465634
        }
    },
    "frequency": 37385.93293769371
}