{
    "oscillator": "LCCRT5",
    "components": {
        "resistor": 1,
        "inductor": 1,
        "capacitor": 2,
        "npn": 1
    },
    "vcc": {
        "resistor": 1,
        "inductor": 0,
        "capacitor": 1,
        "collector": 0,
        "base": 0,
        "emitter": 0
    },
    "gnd": {
        "resistor": 0,
        "inductor": 0,
        "capacitor": 1,
        "collector": 0,
        "base": 0,
        "emitter": 1
    },
    "stable_time": "1m",
    "stable_index": 1007,
    "currents": {
        "battery": {
            "min": -0.0034047160797423537,
            "max": 0.002897092491695119,
            "avg": 0.0002953296813484053,
            "rms": 0.002263712062051916,
            "amplitude": 0.0031509042857187364
        },
        "coil": {
            "min": -0.002897923311243938,
            "max": 0.0034055449748921517,
            "avg": 0.00022310121393846817,
            "rms": 0.002245397730712184,
            "amplitude": 0.003151734143068045
        }
    },
    "gain_rms": 0.9919096020882041,
    "gain_amplitude_avg": 10.671918002545407,
    "voltages": {
        "base": {
            "min": 0.029693836136208036,
            "max": 0.6547276128451367,
            "avg": 0.3382139868798208,
            "rms": 0.4030468593276495,
            "amplitude": 0.31251688835446434
        },
        "collector": {
            "min": -0.007273807129000652,
            "max": 0.649157736287933,
            "avg": 0.33666304165884753,
            "rms": 0.4053316599043691,
            "amplitude": 0.32821577170846683
        }
    },
    "frequency": 32763.999511781534
}