{
    "oscillator": "10",
    "components": {
        "resistor": 2,
        "inductor": 1,
        "capacitor": 2,
        "npn": 1
    },
    "vcc": {
        "resistor": 1,
        "inductor": 0,
        "capacitor": 1,
        "collector": 0,
        "base": 1,
        "emitter": 0
    },
    "gnd": {
        "resistor": 1,
        "inductor": 0,
        "capacitor": 0,
        "collector": 0,
        "base": 0,
        "emitter": 0
    },
    "stable_time": "4m",
    "stable_index": 4007,
    "currents": {
        "battery": {
            "min": -0.0005802196074276011,
            "max": -0.0005714128489042736,
            "avg": 0.0005750526215275102,
            "rms": 0.0005750606401200751,
            "amplitude": 0.000004403379261663787
        },
        "coil": {
            "min": -0.0009826812580212127,
            "max": -0.0001613591785402295,
            "avg": -0.0005700452188554098,
            "rms": 0.0006398930517661626,
            "amplitude": 0.0004106610397404916
        }
    },
    "gain_rms": 1.1127401305583187,
    "gain_amplitude_avg": 0.7141277586904207,
    "voltages": {
        "collector": {
            "min": 2.793004583999315,
            "max": 2.8662006305388967,
            "avg": 2.828320385265235,
            "rms": 2.828437326481154,
            "amplitude": 0.03659802326979089
        },
        "emitter": {
            "min": 2.6856403766955896,
            "max": 2.7270321414530936,
            "avg": 2.7027473078807955,
            "rms": 2.702784995265487,
            "amplitude": 0.020695882378751973
        },
        "a": {
            "min": 2.7785862202502845,
            "max": 2.8784984229967154,
            "avg": 2.832018761101312,
            "rms": 2.832243741736548,
            "amplitude": 0.04995610137321549
        }
    },
    "frequency": 26298.785934498635
}