{
    "oscillator": "LCCRT4",
    "components": {
        "resistor": 1,
        "inductor": 1,
        "capacitor": 2,
        "npn": 1
    },
    "vcc": {
        "resistor": 1,
        "inductor": 0,
        "capacitor": 1,
        "collector": 0,
        "base": 0,
        "emitter": 0
    },
    "gnd": {
        "resistor": 0,
        "inductor": 0,
        "capacitor": 1,
        "collector": 0,
        "base": 0,
        "emitter": 1
    },
    "stable_time": "1m",
    "stable_index": 1007,
    "currents": {
        "battery": {
            "min": -0.0032073196163393547,
            "max": 0.003121943061613397,
            "avg": 0.00029508722825259773,
            "rms": 0.002350527264801433,
            "amplitude": 0.003164631338976376
        },
        "coil": {
            "min": -0.003206639998712144,
            "max": 0.0031230549373382575,
            "avg": -0.00007092767417335891,
            "rms": 0.0022436862494726044,
            "amplitude": 0.0031648474680252008
        }
    },
    "gain_rms": 0.9545459365952709,
    "gain_amplitude_avg": 10.72512520032232,
    "voltages": {
        "base": {
            "min": 0.027423720231052797,
            "max": 0.6550986980412095,
            "avg": 0.3372595015878053,
            "rms": 0.40266109212936624,
            "amplitude": 0.31383748890507834
        },
        "collector": {
            "min": -0.005270743176078252,
            "max": 0.6509178175404504,
            "avg": 0.33769859231847915,
            "rms": 0.4062298787364616,
            "amplitude": 0.3280942803582643
        }
    },
    "frequency": 32574.78863531633
}