{
    "oscillator": "LCCRT8",
    "components": {
        "resistor": 1,
        "inductor": 1,
        "capacitor": 2,
        "npn": 1
    },
    "vcc": {
        "resistor": 1,
        "inductor": 0,
        "capacitor": 2,
        "collector": 0,
        "base": 0,
        "emitter": 0
    },
    "gnd": {
        "resistor": 0,
        "inductor": 0,
        "capacitor": 0,
        "collector": 0,
        "base": 0,
        "emitter": 1
    },
    "stable_time": "1m",
    "stable_index": 1007,
    "currents": {
        "battery": {
            "min": -0.002148796766234362,
            "max": 3.7934515884074926e-7,
            "avg": 0.0002963192867851402,
            "rms": 0.0006611350344700363,
            "amplitude": 0.0010745880556966014
        },
        "coil": {
            "min": -0.0032501740668624732,
            "max": 0.003143828199272538,
            "avg": -0.00007881594546814012,
            "rms": 0.0022668948354904296,
            "amplitude": 0.0031970011330675055
        }
    },
    "gain_rms": 3.4287924815655324,
    "gain_amplitude_avg": 10.78904167107299,
    "voltages": {
        "base": {
            "min": 0.022694035888228763,
            "max": 0.6552732250229143,
            "avg": 0.33544120880653366,
            "rms": 0.4021857500362457,
            "amplitude": 0.3162895945673428
        },
        "collector": {
            "min": -0.01087668076778313,
            "max": 0.6528491474192607,
            "avg": 0.3358568660130677,
            "rms": 0.40627824916150795,
            "amplitude": 0.3318629140935219
        }
    },
    "frequency": 32686.178909364393
}