{
    "oscillator": "LCCRT6",
    "components": {
        "resistor": 1,
        "inductor": 1,
        "capacitor": 2,
        "npn": 1
    },
    "vcc": {
        "resistor": 1,
        "inductor": 0,
        "capacitor": 1,
        "collector": 0,
        "base": 0,
        "emitter": 0
    },
    "gnd": {
        "resistor": 0,
        "inductor": 0,
        "capacitor": 1,
        "collector": 0,
        "base": 0,
        "emitter": 1
    },
    "stable_time": "1m",
    "stable_index": 1007,
    "currents": {
        "battery": {
            "min": -0.003406973646131295,
            "max": 0.0029135131432380668,
            "avg": 0.00029710295724540224,
            "rms": 0.002275748215090806,
            "amplitude": 0.003160243394684681
        },
        "coil": {
            "min": -0.0032068298951385223,
            "max": 0.003104879920707064,
            "avg": -0.00007104117558838475,
            "rms": 0.0022436847605726254,
            "amplitude": 0.003155854907922793
        }
    },
    "gain_rms": 0.9859108075728399,
    "gain_amplitude_avg": 10.62209187408427,
    "voltages": {
        "base": {
            "min": 0.02837947814321992,
            "max": 0.6540561530242618,
            "avg": 0.33724582046044654,
            "rms": 0.4026523233269011,
            "amplitude": 0.3128383374405209
        },
        "collector": {
            "min": -0.006256241861548319,
            "max": 0.6513333450269382,
            "avg": 0.33766532748065986,
            "rms": 0.4063993449409101,
            "amplitude": 0.3287947934442432
        }
    },
    "frequency": 32730.42984015061
}