{
    "oscillator": "LCCRT3",
    "components": {
        "resistor": 1,
        "inductor": 1,
        "capacitor": 2,
        "npn": 1
    },
    "vcc": {
        "resistor": 1,
        "inductor": 0,
        "capacitor": 1,
        "collector": 0,
        "base": 0,
        "emitter": 0
    },
    "gnd": {
        "resistor": 0,
        "inductor": 0,
        "capacitor": 1,
        "collector": 0,
        "base": 0,
        "emitter": 1
    },
    "stable_time": "1m",
    "stable_index": 1007,
    "currents": {
        "battery": {
            "min": -0.0031936607975029396,
            "max": 0.0031017814712304137,
            "avg": 0.00029691108552277616,
            "rms": 0.0023423411065775384,
            "amplitude": 0.0031477211343666767
        },
        "coil": {
            "min": -0.0028984652515331986,
            "max": 0.0033988692628179767,
            "avg": 0.00022318940104620042,
            "rms": 0.002245300160072215,
            "amplitude": 0.0031486672571755876
        }
    },
    "gain_rms": 0.9585709586734305,
    "gain_amplitude_avg": 10.604748056582928,
    "voltages": {
        "collector": {
            "min": -0.006095029631149512,
            "max": 0.6489621859946852,
            "avg": 0.3367276583549886,
            "rms": 0.40516685127588664,
            "amplitude": 0.32752860781291737
        },
        "base": {
            "min": 0.029996678648672396,
            "max": 0.6548787368202577,
            "avg": 0.3382610757675857,
            "rms": 0.40305268923727594,
            "amplitude": 0.31244102908579263
        }
    },
    "frequency": 32539.693069520363
}