{
    "oscillator": "16",
    "components": {
        "resistor": 2,
        "inductor": 1,
        "capacitor": 2,
        "npn": 1
    },
    "vcc": {
        "resistor": 1,
        "inductor": 0,
        "capacitor": 0,
        "collector": 0,
        "base": 0,
        "emitter": 0
    },
    "gnd": {
        "resistor": 0,
        "inductor": 0,
        "capacitor": 2,
        "collector": 0,
        "base": 0,
        "emitter": 1
    },
    "stable_time": "1.5m",
    "stable_index": 1517,
    "currents": {
        "battery": {
            "min": -0.00977374047977353,
            "max": -0.00749001438552277,
            "avg": 0.00854148281986559,
            "rms": 0.008578398668767799,
            "amplitude": 0.00114186304712538
        },
        "coil": {
            "min": 0.00001311315930408756,
            "max": 0.000154954253298892,
            "avg": 0.00007369307914554454,
            "rms": 0.00008967180141235896,
            "amplitude": 0.00007092054699740221
        }
    },
    "gain_rms": 0.010453209844260994,
    "gain_amplitude_avg": 0.008303072018415443,
    "voltages": {
        "collector": {
            "min": 0.3581041155881829,
            "max": 1.0455056699577714,
            "avg": 0.7290136712205358,
            "rms": 0.7672811140902482,
            "amplitude": 0.34370077718479425
        },
        "base": {
            "min": 0.6420725128299746,
            "max": 0.7479895273629781,
            "avg": 0.7025681543613475,
            "rms": 0.7035309248345205,
            "amplitude": 0.05295850726650175
        }
    },
    "frequency": 63527.55177319302
}