{
    "oscillator": "LCCRT2",
    "components": {
        "resistor": 1,
        "inductor": 1,
        "capacitor": 2,
        "npn": 1
    },
    "vcc": {
        "resistor": 1,
        "inductor": 0,
        "capacitor": 0,
        "collector": 0,
        "base": 0,
        "emitter": 0
    },
    "gnd": {
        "resistor": 0,
        "inductor": 0,
        "capacitor": 2,
        "collector": 0,
        "base": 0,
        "emitter": 1
    },
    "stable_time": "1m",
    "stable_index": 1007,
    "currents": {
        "battery": {
            "min": -0.00033110716271833596,
            "max": -0.0002648287751965128,
            "avg": 0.00029648659016668776,
            "rms": 0.0002973633561038324,
            "amplitude": 0.00003313919376091157
        },
        "coil": {
            "min": -0.0032490993956483002,
            "max": 0.00314315108037903,
            "avg": -0.00007889641240457524,
            "rms": 0.002266327641588348,
            "amplitude": 0.0031961252380136654
        }
    },
    "gain_rms": 7.621408606906491,
    "gain_amplitude_avg": 10.779999311998466,
    "voltages": {
        "base": {
            "min": 0.021382693274559144,
            "max": 0.6560971856028475,
            "avg": 0.33439987867781173,
            "rms": 0.4014931936511263,
            "amplitude": 0.3173572461641442
        },
        "collector": {
            "min": -0.011402734345384651,
            "max": 0.6514474192613932,
            "avg": 0.3348376117452766,
            "rms": 0.40520782393046856,
            "amplitude": 0.3314250768033889
        }
    },
    "frequency": 32896.75230414019
}