{
    "oscillator": "LCCRT7",
    "components": {
        "resistor": 1,
        "inductor": 1,
        "capacitor": 2,
        "npn": 1
    },
    "vcc": {
        "resistor": 1,
        "inductor": 0,
        "capacitor": 2,
        "collector": 0,
        "base": 0,
        "emitter": 0
    },
    "gnd": {
        "resistor": 0,
        "inductor": 0,
        "capacitor": 0,
        "collector": 0,
        "base": 0,
        "emitter": 1
    },
    "stable_time": "1m",
    "stable_index": 1007,
    "currents": {
        "battery": {
            "min": -0.00215374211809527,
            "max": 6.042727358490652e-7,
            "avg": 0.0002962945878737223,
            "rms": 0.0006614595288797579,
            "amplitude": 0.0010771731954155594
        },
        "coil": {
            "min": -0.00293857383193463,
            "max": 0.003426718927202639,
            "avg": 0.00021548322282148398,
            "rms": 0.0022674293106775263,
            "amplitude": 0.0031826463795686342
        }
    },
    "gain_rms": 3.4279184314082296,
    "gain_amplitude_avg": 10.741493465702604,
    "voltages": {
        "collector": {
            "min": -0.010987814292261065,
            "max": 0.6505261924450051,
            "avg": 0.3349239284656168,
            "rms": 0.4052452664845546,
            "amplitude": 0.33075700336863306
        },
        "base": {
            "min": 0.024929431984330473,
            "max": 0.6553163146510861,
            "avg": 0.3363979641768788,
            "rms": 0.4025210226798401,
            "amplitude": 0.3151934413333778
        }
    },
    "frequency": 32699.91195684977
}