{
    "oscillator": "LCCRT1",
    "components": {
        "resistor": 1,
        "inductor": 1,
        "capacitor": 2,
        "npn": 1
    },
    "vcc": {
        "resistor": 1,
        "inductor": 0,
        "capacitor": 0,
        "collector": 0,
        "base": 0,
        "emitter": 0
    },
    "gnd": {
        "resistor": 0,
        "inductor": 0,
        "capacitor": 2,
        "collector": 0,
        "base": 0,
        "emitter": 1
    },
    "stable_time": "1m",
    "stable_index": 1008,
    "currents": {
        "battery": {
            "min": -0.0003276046308084979,
            "max": -0.0002643565880031673,
            "avg": 0.00029643098498552476,
            "rms": 0.000297256363523617,
            "amplitude": 0.00003162402140266529
        },
        "coil": {
            "min": -0.0029411247595466177,
            "max": 0.0034269218133853208,
            "avg": 0.00021534779104352827,
            "rms": 0.0022667168932355686,
            "amplitude": 0.0031840232864659692
        }
    },
    "gain_rms": 7.625461289932917,
    "gain_amplitude_avg": 10.741195919925342,
    "voltages": {
        "base": {
            "min": 0.0236260872856752,
            "max": 0.6561697633821334,
            "avg": 0.3353937191620792,
            "rms": 0.4018711575354765,
            "amplitude": 0.3162718380482291
        },
        "collector": {
            "min": -0.01237627939388258,
            "max": 0.6494414362506926,
            "avg": 0.33385870071167967,
            "rms": 0.40415022021353536,
            "amplitude": 0.33090885782228757
        }
    },
    "frequency": 33044.76403814926
}