{
    "oscillator": "12",
    "components": {
        "resistor": 2,
        "inductor": 1,
        "capacitor": 2,
        "npn": 1
    },
    "vcc": {
        "resistor": 1,
        "inductor": 0,
        "capacitor": 0,
        "collector": 0,
        "base": 0,
        "emitter": 0
    },
    "gnd": {
        "resistor": 0,
        "inductor": 1,
        "capacitor": 0,
        "collector": 0,
        "base": 0,
        "emitter": 1
    },
    "stable_time": "1.5m",
    "stable_index": 1512,
    "currents": {
        "battery": {
            "min": -0.003224772411677179,
            "max": -0.0021795858370867727,
            "avg": 0.0027049778187772213,
            "rms": 0.0027306923383634183,
            "amplitude": 0.0005225932872952033
        },
        "coil": {
            "min": -0.004341073554579682,
            "max": 0.00313368898630281,
            "avg": 0.000021616762841001997,
            "rms": 0.002591824227964439,
            "amplitude": 0.003737381270441246
        }
    },
    "gain_rms": 0.9491454571985187,
    "gain_amplitude_avg": 1.381667991691969,
    "voltages": {
        "base": {
            "min": 0.11264781222272932,
            "max": 0.7113302282913154,
            "avg": 0.5418297722058361,
            "rms": 0.575903147895333,
            "amplitude": 0.29934120803429304
        },
        "collector": {
            "min": 0.07200281591058137,
            "max": 1.1182345770756654,
            "avg": 0.5923172034035555,
            "rms": 0.7006389992263232,
            "amplitude": 0.523115880582542
        },
        "a": {
            "min": -0.2481599846264786,
            "max": 0.46547784574759216,
            "avg": 0.0001465809083711021,
            "rms": 0.20762569217535234,
            "amplitude": 0.35681891518703535
        }
    },
    "frequency": 11682.245727561449
}